employee_id,store_id,district_id,washout_risk,training_completed_30d,top_reasons
7254,S137,D11,0.9714515314235684,0,"training incomplete, volatile schedule, short on hours"
9622,S124,D09,0.9548948915927115,0,"training incomplete, volatile schedule, short on hours, understaffed store"
11104,S063,D05,0.9444728400450383,0,"training incomplete, volatile schedule, short on hours, understaffed store"
6951,S047,D04,0.9403172330377757,0,"training incomplete, volatile schedule, short on hours"
6654,S102,D08,0.9377236673972666,0,"training incomplete, volatile schedule, short on hours, understaffed store"
5443,S020,D01,0.9326959334016862,0,"training incomplete, volatile schedule, short on hours"
8258,S004,D00,0.9315846579254693,0,"training incomplete, volatile schedule, short on hours, understaffed store"
4425,S022,D01,0.9276375457160552,0,"training incomplete, volatile schedule, short on hours"
4382,S131,D10,0.9248129828132263,0,"training incomplete, volatile schedule, short on hours, understaffed store"
9111,S127,D10,0.9243254813407199,0,"training incomplete, short on hours"
6476,S102,D08,0.9193808900239928,1,"volatile schedule, short on hours, understaffed store"
11359,S124,D09,0.9087410374775574,0,"training incomplete, volatile schedule, understaffed store"
12837,S101,D08,0.9078326394942959,1,"volatile schedule, short on hours, understaffed store"
7711,S081,D06,0.9076642358627036,0,"training incomplete, volatile schedule, short on hours"
7056,S130,D10,0.9070773793575648,0,"training incomplete, volatile schedule, short on hours"
7901,S123,D09,0.9070608918188213,0,"training incomplete, volatile schedule, short on hours"
4993,S040,D03,0.906098527925291,0,"training incomplete, volatile schedule, short on hours"
6142,S017,D01,0.9031309726730407,0,"training incomplete, volatile schedule, short on hours"
9506,S037,D03,0.9002076368769598,0,"training incomplete, volatile schedule, short on hours"
3571,S011,D00,0.897394647031508,0,"training incomplete, volatile schedule, short on hours"
11948,S135,D10,0.8954999522340479,0,"training incomplete, volatile schedule"
8764,S135,D10,0.8947722016730443,0,"training incomplete, volatile schedule, short on hours"
12278,S107,D08,0.8926680115858869,0,"training incomplete, short on hours, understaffed store"
10307,S075,D06,0.8926403650968886,0,"training incomplete, volatile schedule, short on hours"
6509,S123,D09,0.891179264146135,0,"training incomplete, volatile schedule, understaffed store"
3801,S067,D05,0.8889872856910845,0,"training incomplete, volatile schedule, short on hours"
9100,S115,D09,0.8886970513710608,0,"training incomplete, volatile schedule, short on hours"
11552,S124,D09,0.8870347574112173,0,"training incomplete, volatile schedule, understaffed store"
12617,S073,D06,0.8869412746209333,0,"training incomplete, short on hours"
7161,S067,D05,0.8869026395686637,1,"volatile schedule, short on hours, understaffed store"
10478,S037,D03,0.885843777929417,0,"training incomplete, volatile schedule"
10585,S112,D09,0.8854544288347739,1,"volatile schedule, short on hours"
8478,S026,D02,0.8829430994953906,0,"training incomplete, short on hours"
4009,S094,D07,0.8810837061648027,0,"training incomplete, volatile schedule, short on hours"
7156,S063,D05,0.8803861932122647,0,"training incomplete, volatile schedule"
13122,S020,D01,0.8772885198291552,0,"training incomplete, volatile schedule, short on hours"
6752,S044,D04,0.8762020450093921,0,"training incomplete, volatile schedule, short on hours"
9073,S104,D08,0.8751627786946767,0,"training incomplete, short on hours, understaffed store"
7794,S017,D01,0.8747872171994379,0,"training incomplete, volatile schedule, short on hours"
3522,S112,D09,0.8737100260145025,1,"volatile schedule, understaffed store"
10358,S098,D08,0.8731428261907561,0,"training incomplete, short on hours, long commute"
4150,S059,D05,0.8698489060370824,0,"training incomplete, volatile schedule, short on hours"
6102,S135,D10,0.8691923584944343,0,"training incomplete, volatile schedule, short on hours"
4999,S046,D04,0.8671671707258487,0,"training incomplete, volatile schedule, short on hours"
13014,S085,D06,0.8669371156806316,0,"training incomplete, volatile schedule, short on hours"
10510,S056,D04,0.8658234727852728,0,"training incomplete, volatile schedule, short on hours"
6009,S068,D05,0.865226915798553,0,"training incomplete, short on hours"
11662,S065,D05,0.8644456030310147,0,"training incomplete, short on hours"
8797,S020,D01,0.8643236878645373,0,"training incomplete, volatile schedule, short on hours"
12414,S061,D05,0.8642782430237467,0,"training incomplete, short on hours, understaffed store"
4144,S055,D04,0.8638465716661705,1,short on hours
8418,S122,D09,0.8629853507697278,0,"training incomplete, volatile schedule, understaffed store"
3804,S069,D05,0.8619329089588492,0,"training incomplete, volatile schedule, short on hours"
4509,S089,D07,0.8590419059369143,0,"training incomplete, volatile schedule, short on hours"
5718,S094,D07,0.8588730204979038,1,"volatile schedule, short on hours"
11578,S137,D11,0.8587780142371572,0,"training incomplete, volatile schedule, short on hours"
11768,S144,D11,0.8585520356600289,0,"training incomplete, volatile schedule, short on hours"
5648,S040,D03,0.8578281325622462,0,"training incomplete, volatile schedule, short on hours"
8756,S128,D10,0.8563762871282953,0,"training incomplete, short on hours"
10285,S057,D05,0.8545754829654506,0,"training incomplete, volatile schedule, short on hours"
8185,S078,D06,0.8534288137424011,0,"training incomplete, volatile schedule, understaffed store"
4357,S104,D08,0.8529647723452264,0,"training incomplete, short on hours"
10610,S124,D09,0.8529478558179423,0,"training incomplete, volatile schedule, short on hours, understaffed store"
10927,S079,D06,0.8517273268254926,0,"training incomplete, short on hours"
11669,S067,D05,0.8516887313591874,0,"training incomplete, short on hours"
10295,S066,D05,0.8508884171482203,0,"training incomplete, short on hours, understaffed store"
9300,S123,D09,0.8501155116342367,0,"training incomplete, volatile schedule, short on hours"
6048,S104,D08,0.8499265004487193,0,"training incomplete, short on hours"
8184,S078,D06,0.8493616076990833,0,"training incomplete, volatile schedule, understaffed store"
12802,S067,D05,0.8465517387229197,0,"training incomplete, volatile schedule, short on hours"
13018,S086,D06,0.8462842683062777,0,"training incomplete, volatile schedule, short on hours"
10293,S064,D05,0.8441923011749877,0,"training incomplete, short on hours"
11839,S067,D05,0.844148028516822,0,"training incomplete, volatile schedule, short on hours"
5439,S018,D01,0.8433028186221331,1,"volatile schedule, short on hours"
7698,S070,D05,0.842503088268371,0,"training incomplete, volatile schedule, short on hours"
4128,S047,D04,0.8423488471511231,0,"training incomplete, short on hours"
12169,S022,D01,0.8422550345402939,0,"training incomplete, volatile schedule, short on hours"
6685,S126,D10,0.8414599619104061,1,"volatile schedule, short on hours, understaffed store"
6179,S038,D03,0.8404218222699342,0,"training incomplete, short on hours"
5848,S070,D05,0.8401038791493012,0,"training incomplete, volatile schedule, short on hours"
3195,S091,D07,0.8398381711632954,1,"volatile schedule, short on hours"
11205,S141,D11,0.8395457825545928,1,"volatile schedule, short on hours"
5233,S114,D09,0.8384826210975336,1,"volatile schedule, short on hours"
12847,S110,D09,0.8380984303752896,0,"training incomplete, volatile schedule, understaffed store"
9158,S021,D01,0.8373797145949055,0,"training incomplete, short on hours"
11685,S086,D06,0.8371495578159177,0,"training incomplete, volatile schedule, short on hours"
8079,S141,D11,0.8371095732238331,0,"training incomplete, volatile schedule, short on hours"
4083,S017,D01,0.8369229495256933,0,"training incomplete, volatile schedule, short on hours"
3591,S032,D03,0.8364946352548854,1,"volatile schedule, short on hours"
9456,S127,D10,0.8330110694087799,0,"training incomplete, volatile schedule, short on hours"
8970,S022,D01,0.8327643999343629,0,training incomplete
4398,S001,D00,0.8326684764119969,0,"training incomplete, short on hours"
9459,S130,D10,0.8315882325433579,0,"training incomplete, short on hours"
4593,S011,D00,0.8302537119132564,0,"training incomplete, volatile schedule, short on hours"
4514,S092,D07,0.8293896586037923,1,short on hours
5891,S127,D10,0.828987669410859,0,"training incomplete, volatile schedule, short on hours"
3892,S003,D00,0.828749402353966,1,short on hours
7224,S113,D09,0.827725524660268,0,"training incomplete, volatile schedule, short on hours, understaffed store"
5038,S078,D06,0.8269837020914894,0,"training incomplete, short on hours"
10335,S086,D06,0.8258921132827761,0,"training incomplete, volatile schedule, understaffed store"
9108,S123,D09,0.8247589592664405,0,"training incomplete, volatile schedule, short on hours, understaffed store"
11053,S011,D00,0.8243005167095777,0,"training incomplete, volatile schedule, short on hours"
12881,S130,D10,0.8241012287814431,0,"training incomplete, short on hours"
13137,S037,D03,0.8236058750130993,0,"training incomplete, volatile schedule, short on hours"
5176,S064,D05,0.8233346404359613,0,"training incomplete, volatile schedule, short on hours"
3994,S081,D06,0.8229245727741777,1,"volatile schedule, short on hours"
13054,S110,D09,0.8228361248968638,1,"volatile schedule, short on hours, understaffed store"
5314,S037,D03,0.822811186289109,0,"training incomplete, short on hours"
4029,S115,D09,0.8226064198800952,0,"training incomplete, short on hours"
7424,S119,D09,0.8225751995995171,1,"volatile schedule, short on hours, understaffed store"
6774,S058,D05,0.8224672234461455,0,"training incomplete, short on hours"
10410,S140,D11,0.8196600571400876,0,"training incomplete, short on hours"
8782,S000,D00,0.8191399555294818,0,"training incomplete, short on hours"
11316,S086,D06,0.8183297046092787,1,short on hours
13249,S120,D09,0.8179783774276359,0,"training incomplete, volatile schedule, short on hours"
10854,S016,D01,0.817973500546621,1,"volatile schedule, short on hours"
4697,S078,D06,0.817850580396984,0,"training incomplete, volatile schedule, short on hours"
9303,S127,D10,0.8174536408560095,1,short on hours
5397,S120,D09,0.8166284102580906,0,"training incomplete, volatile schedule, short on hours"
7976,S040,D03,0.8162553542531401,1,"volatile schedule, short on hours"
12573,S043,D04,0.8146787651198824,0,"training incomplete, short on hours"
11248,S030,D02,0.8145687445342247,0,"training incomplete, volatile schedule, short on hours"
3850,S116,D09,0.8145486201510295,0,"training incomplete, short on hours"
9552,S074,D06,0.8130425547733866,0,"training incomplete, volatile schedule, short on hours"
3236,S147,D11,0.8126739602407738,0,"training incomplete, short on hours"
8314,S040,D03,0.8124504753769447,1,"volatile schedule, short on hours"
6469,S096,D08,0.8124106937219887,0,"training incomplete, volatile schedule, short on hours"
8000,S067,D05,0.8120894294580985,0,"training incomplete, volatile schedule, short on hours"
12738,S028,D02,0.8112003443361365,0,"training incomplete, short on hours"
8254,S000,D00,0.8109135246587033,1,short on hours
7232,S117,D09,0.8108400852921581,0,"training incomplete, volatile schedule, short on hours, understaffed store"
9851,S137,D11,0.8105923465318046,0,"training incomplete, volatile schedule, short on hours"
13236,S108,D08,0.8104378867596193,0,"training incomplete, short on hours"
6305,S130,D10,0.8102060595881043,0,"training incomplete, volatile schedule, short on hours"
5142,S031,D02,0.8094660606145315,1,short on hours
345,S016,D01,0.8094557740753998,0,"training incomplete, volatile schedule"
12105,S115,D09,0.8094106571969035,1,"volatile schedule, short on hours"
5124,S018,D01,0.8091388195259902,1,"volatile schedule, short on hours"
9337,S009,D00,0.8090588568852761,1,"volatile schedule, short on hours"
13055,S110,D09,0.8089761511538954,1,"volatile schedule, short on hours, understaffed store"
6723,S016,D01,0.8089074267517353,0,"training incomplete, short on hours"
3368,S120,D09,0.8087811679239783,0,"training incomplete, volatile schedule"
9847,S135,D10,0.8087267829058788,0,"training incomplete, volatile schedule, short on hours"
13053,S110,D09,0.8065712836009141,0,"training incomplete, volatile schedule, understaffed store"
12601,S064,D05,0.8058999941686221,0,"training incomplete, volatile schedule, short on hours"
7727,S096,D08,0.8056662966587667,0,"training incomplete, volatile schedule, short on hours"
4080,S016,D01,0.8055769690199239,0,"training incomplete, volatile schedule, short on hours"
3393,S002,D00,0.805526556988399,0,"training incomplete, short on hours"
13027,S094,D07,0.8052349729687809,1,"volatile schedule, short on hours"
10387,S124,D09,0.8052166208032319,1,"volatile schedule, understaffed store"
5047,S090,D07,0.8051206691435302,0,"training incomplete, short on hours"
917,S045,D04,0.8050070968344746,0,"training incomplete, volatile schedule, short on hours"
7022,S100,D08,0.8048851748468957,0,"training incomplete, short on hours, understaffed store"
4894,S081,D06,0.8042635486409655,1,"volatile schedule, short on hours"
10528,S069,D05,0.8039378835939993,0,"training incomplete, volatile schedule, understaffed store"
4544,S116,D09,0.8033858310735299,0,"training incomplete, volatile schedule, short on hours"
4284,S046,D04,0.8033088980746598,0,"training incomplete, volatile schedule, short on hours"
10776,S111,D09,0.8031452674238768,0,"training incomplete, short on hours, understaffed store"
12620,S075,D06,0.803042476507633,0,"training incomplete, volatile schedule, understaffed store"
6561,S037,D03,0.8029086559618186,0,"training incomplete, short on hours"
10799,S124,D09,0.8028505876413237,0,"training incomplete, volatile schedule, understaffed store"
6649,S098,D08,0.8027809447794186,1,"volatile schedule, short on hours"
9925,S055,D04,0.8026067330103531,0,"training incomplete, short on hours"
5938,S017,D01,0.802462412715017,1,"volatile schedule, short on hours"
9197,S048,D04,0.8017732114020174,0,"training incomplete, volatile schedule, short on hours"
9438,S112,D09,0.8013157628446947,1,"volatile schedule, short on hours, understaffed store"
3620,S055,D04,0.8004947111450812,0,training incomplete
4116,S037,D03,0.7993773907030801,0,"training incomplete, short on hours"
5274,S146,D11,0.7990155559368491,0,"training incomplete, short on hours"
9654,S135,D10,0.798236027557856,0,"training incomplete, volatile schedule, short on hours"
9601,S112,D09,0.7981245330913974,1,"volatile schedule, short on hours"
3584,S026,D02,0.7971517991361351,1,short on hours
2822,S025,D02,0.7970597924138714,0,"training incomplete, volatile schedule, short on hours"
10721,S070,D05,0.7964784459437361,0,"training incomplete, short on hours"
9118,S130,D10,0.7956110148069483,0,"training incomplete, volatile schedule, short on hours"
7773,S146,D11,0.7953380142276227,1,short on hours
8833,S053,D04,0.7952212641419749,0,"training incomplete, short on hours"
13167,S055,D04,0.7948590976678507,1,"volatile schedule, short on hours"
9091,S109,D08,0.7948310583882485,0,"training incomplete, short on hours, understaffed store"
9442,S115,D09,0.7941906861600143,0,"training incomplete, short on hours"
3827,S092,D07,0.7941801561549531,0,"training incomplete, volatile schedule, short on hours"
8625,S014,D01,0.7940091815954903,0,"training incomplete, short on hours"
10384,S122,D09,0.7939554611116988,1,"volatile schedule, long commute, understaffed store"
4435,S028,D02,0.7937189311070367,0,"training incomplete, volatile schedule, short on hours"
8296,S028,D02,0.792249168059326,0,"training incomplete, volatile schedule"
7036,S116,D09,0.7921247466248184,1,"volatile schedule, short on hours, understaffed store"
4188,S093,D07,0.7919001765163407,1,"volatile schedule, short on hours"
6548,S020,D01,0.791671736652264,1,"volatile schedule, short on hours"
12049,S067,D05,0.7916419264235012,1,"volatile schedule, short on hours"
8698,S072,D06,0.7915991804574048,0,"training incomplete, short on hours"
12281,S110,D09,0.7914567678927737,1,"volatile schedule, short on hours"
12377,S038,D03,0.7913141247376573,0,"training incomplete, short on hours"
12345,S016,D01,0.7904465210791495,1,short on hours
6438,S074,D06,0.790229654643536,1,short on hours
8279,S020,D01,0.7899833993234507,0,"training incomplete, short on hours"
11581,S137,D11,0.7884037839198659,1,"volatile schedule, short on hours"
4011,S096,D08,0.7880909024160572,0,training incomplete
6671,S112,D09,0.7879485558042971,0,"training incomplete, volatile schedule, understaffed store"
8909,S123,D09,0.7872953005874728,0,"training incomplete, volatile schedule, understaffed store"
9125,S135,D10,0.7866312958699322,0,"training incomplete, volatile schedule, short on hours"
8306,S037,D03,0.7862652368147318,0,"training incomplete, volatile schedule, short on hours"
7243,S127,D10,0.7858449518300838,1,"volatile schedule, short on hours"
12785,S055,D04,0.7855328579943557,1,"volatile schedule, short on hours"
8479,S027,D02,0.785257088752224,0,"training incomplete, short on hours"
5649,S040,D03,0.7852419231518667,0,"training incomplete, volatile schedule, short on hours"
12006,S031,D02,0.7851756655141268,0,"training incomplete, short on hours"
8581,S123,D09,0.7849035821548169,0,"training incomplete, volatile schedule, short on hours, understaffed store"
3961,S057,D05,0.7846190224065865,0,"training incomplete, short on hours"
4604,S020,D01,0.7845350607484228,0,"training incomplete, volatile schedule, short on hours"
1655,S081,D06,0.7845219644549298,1,"volatile schedule, short on hours"
3126,S023,D02,0.7844481868519344,0,"training incomplete, volatile schedule, short on hours"
9258,S100,D08,0.7843185290713288,0,"training incomplete, short on hours"
4846,S040,D03,0.7840787529889838,1,"volatile schedule, short on hours"
12769,S048,D04,0.7840484859221675,0,"training incomplete, short on hours"
3650,S092,D07,0.7838765177437633,1,short on hours
8826,S049,D04,0.7836310019886359,0,"training incomplete, volatile schedule, short on hours"
8215,S117,D09,0.7836121156194792,0,"training incomplete, short on hours"
2403,S128,D10,0.7829465480514862,0,"training incomplete, short on hours"
10983,S111,D09,0.7827414560613334,0,"training incomplete, short on hours, understaffed store"
8168,S063,D05,0.7826446393022884,1,"volatile schedule, short on hours"
8731,S107,D08,0.7818212165424021,1,"volatile schedule, short on hours"
11128,S084,D06,0.7816561692563804,1,"volatile schedule, understaffed store"
5984,S053,D04,0.7807748397201842,0,"training incomplete, short on hours"
12474,S114,D09,0.7807090210516258,1,"volatile schedule, short on hours"
9736,S044,D04,0.7807025513710605,0,"training incomplete, volatile schedule"
8634,S021,D01,0.7799466460600122,0,"training incomplete, short on hours"
2887,S073,D06,0.7797674819399953,0,"training incomplete, short on hours"
9387,S054,D04,0.7786566576572019,0,"training incomplete, volatile schedule, short on hours"
7598,S133,D10,0.7779790324673599,0,"training incomplete, volatile schedule, short on hours"
12245,S084,D06,0.7775239750888893,0,"training incomplete, volatile schedule, understaffed store"
6503,S123,D09,0.7774979808507604,1,"volatile schedule, understaffed store"
7129,S044,D04,0.7773914193816533,1,"volatile schedule, short on hours"
2905,S089,D07,0.7770314835582536,0,"training incomplete, short on hours"
2818,S022,D01,0.7766511118383369,0,"training incomplete, short on hours"
11360,S124,D09,0.7761740047290729,1,"volatile schedule, short on hours, understaffed store"
12274,S102,D08,0.776046583178973,1,short on hours
7352,S063,D05,0.77586609995672,0,"training incomplete, volatile schedule, short on hours"
4292,S053,D04,0.7758389493750689,0,"training incomplete, short on hours"
5766,S135,D10,0.775732620732966,0,"training incomplete, volatile schedule, understaffed store"
10291,S063,D05,0.775541529438692,1,"volatile schedule, short on hours, long commute"
10042,S011,D00,0.774876596614962,0,"training incomplete, short on hours"
7564,S104,D08,0.7746678988091662,0,"training incomplete, volatile schedule, short on hours"
8186,S079,D06,0.7741254598534679,1,short on hours
5499,S056,D04,0.7741175885702448,1,"volatile schedule, short on hours"
4637,S040,D03,0.7733769788223295,0,"training incomplete, volatile schedule, short on hours"
7802,S027,D02,0.7733672583789201,1,"volatile schedule, short on hours"
3826,S091,D07,0.772911067208411,1,"volatile schedule, short on hours"
9878,S023,D02,0.7726244270930697,1,"volatile schedule, short on hours"
6573,S047,D04,0.7722376431644448,0,"training incomplete, volatile schedule, short on hours"
6742,S037,D03,0.7716674471098792,0,"training incomplete, volatile schedule, short on hours"
10389,S126,D10,0.7712992106816129,1,"volatile schedule, short on hours"
5800,S018,D01,0.7709704751942568,1,"volatile schedule, short on hours"
5384,S101,D08,0.7709012576846441,0,"training incomplete, short on hours"
12000,S028,D02,0.7704156696554945,0,"training incomplete, short on hours, understaffed store"
3332,S081,D06,0.770200394374965,1,"volatile schedule, short on hours, understaffed store"
9625,S124,D09,0.7697086637363505,1,"volatile schedule, understaffed store"
7697,S069,D05,0.769247210768252,0,"training incomplete, volatile schedule"
7427,S123,D09,0.7688825392088108,0,"training incomplete, volatile schedule, understaffed store"
5568,S110,D09,0.7687593182814804,1,"volatile schedule, short on hours"
7219,S107,D08,0.7684135494604905,1,"volatile schedule, understaffed store"
12031,S051,D04,0.7677485100495157,1,short on hours
2924,S096,D08,0.7669773754275329,1,"volatile schedule, short on hours"
9306,S128,D10,0.7663377702197501,0,"training incomplete, short on hours"
13082,S130,D10,0.7663146504108547,0,"training incomplete, short on hours"
9160,S021,D01,0.7659978956919314,0,"training incomplete, short on hours"
10476,S035,D03,0.765320719872282,0,"training incomplete, short on hours"
5217,S095,D07,0.7649672128950026,0,"training incomplete, short on hours"
2999,S030,D02,0.7645307751702267,0,"training incomplete, volatile schedule, short on hours"
716,S035,D03,0.7643912010111256,0,"training incomplete, short on hours"
12869,S122,D09,0.7639442496316484,1,"volatile schedule, short on hours"
6629,S085,D06,0.763702942064805,1,"volatile schedule, short on hours, understaffed store"
7871,S102,D08,0.762708613879143,0,"training incomplete, short on hours"
5221,S100,D08,0.7625015352833031,0,"training incomplete, short on hours"
8045,S107,D08,0.7620861049454222,0,"training incomplete, volatile schedule"
9746,S055,D04,0.76201289012431,0,"training incomplete, short on hours"
7722,S092,D07,0.7620127115250122,0,"training incomplete, volatile schedule, short on hours"
8026,S092,D07,0.7618354151265578,1,short on hours
3312,S063,D05,0.7616526875761584,0,"training incomplete, volatile schedule"
6831,S100,D08,0.7611800000225071,0,"training incomplete, volatile schedule, understaffed store"
8759,S130,D10,0.7611563584234236,1,"volatile schedule, short on hours"
6068,S115,D09,0.7609645446025234,1,"volatile schedule, short on hours"
10993,S124,D09,0.7608134335933358,0,"training incomplete, volatile schedule, understaffed store"
11489,S070,D05,0.7608118711337237,0,"training incomplete, short on hours"
11923,S120,D09,0.7605723787889803,0,"training incomplete, short on hours"
5066,S115,D09,0.7597688521840825,1,"volatile schedule, short on hours"
5164,S054,D04,0.7592519855895808,1,short on hours
7514,S060,D05,0.7592389513249638,0,"training incomplete, short on hours"
8069,S130,D10,0.7588937514551282,0,"training incomplete, volatile schedule, short on hours"
3262,S022,D01,0.758788465960063,0,"training incomplete, volatile schedule"
6227,S070,D05,0.758396090815583,0,"training incomplete, short on hours"
12324,S000,D00,0.7582912916842842,0,"training incomplete, volatile schedule"
12863,S120,D09,0.7574159233567991,1,"volatile schedule, understaffed store"
9718,S032,D03,0.7573512194068854,0,"training incomplete, short on hours"
5624,S019,D01,0.756846720877954,0,"training incomplete, short on hours"
7329,S045,D04,0.7562326177052437,0,"training incomplete, short on hours"
12080,S095,D07,0.7561958506228946,1,short on hours
13004,S081,D06,0.7560534189969643,1,"volatile schedule, short on hours"
9105,S119,D09,0.7560374990740201,1,short on hours
11647,S053,D04,0.7556802743225903,0,"training incomplete, short on hours"
8331,S051,D04,0.7553427168961199,1,short on hours
5126,S020,D01,0.7549845821755633,1,short on hours
12564,S036,D03,0.7542673737624864,0,"training incomplete, short on hours"
12775,S051,D04,0.7541794147572114,0,"training incomplete, short on hours"
9693,S016,D01,0.7540791266579533,0,"training incomplete, short on hours"
4504,S079,D06,0.7536787825934472,0,"training incomplete, short on hours"
11762,S141,D11,0.7531308779686112,0,"training incomplete, volatile schedule"
9490,S022,D01,0.7530520764365386,0,"training incomplete, short on hours"
13005,S081,D06,0.7528802698139065,1,"volatile schedule, short on hours"
6041,S100,D08,0.7526362615363182,0,"training incomplete, volatile schedule, understaffed store"
7031,S105,D08,0.7522187663971314,0,"training incomplete, volatile schedule, understaffed store"
2928,S099,D08,0.7517375891906277,0,"training incomplete, short on hours"
5162,S053,D04,0.7516874769663984,0,"training incomplete, short on hours"
9230,S077,D06,0.7515640098552817,0,"training incomplete, short on hours"
5265,S136,D11,0.7512854070642309,0,"training incomplete, volatile schedule, short on hours"
6969,S062,D05,0.7512091637579348,0,"training incomplete, volatile schedule"
5514,S067,D05,0.7507655531174906,0,"training incomplete, volatile schedule"
12872,S124,D09,0.7502965574426597,1,short on hours
11628,S032,D03,0.7502207031069316,0,"training incomplete, short on hours"
10311,S076,D06,0.7499625841028335,1,short on hours
5573,S115,D09,0.7499231858211868,0,"training incomplete, volatile schedule"
11735,S124,D09,0.7495893322775176,0,"training incomplete, volatile schedule, short on hours"
6984,S075,D06,0.7495745173728634,0,"training incomplete, volatile schedule"
7963,S031,D02,0.7491845933828294,1,short on hours
5778,S147,D11,0.7489679983397224,1,short on hours
6652,S101,D08,0.7476575152054281,0,"training incomplete, short on hours"
12186,S032,D03,0.7474976756537356,0,"training incomplete, volatile schedule, short on hours"
3014,S044,D04,0.7474789366907912,1,"volatile schedule, short on hours"
10911,S062,D05,0.7467060238959266,0,"training incomplete, short on hours"
5035,S073,D06,0.7463109523968511,1,short on hours
3473,S067,D05,0.7461247652314825,0,"training incomplete, volatile schedule, understaffed store"
7785,S009,D00,0.7458987352476475,0,"training incomplete, volatile schedule"
9190,S041,D03,0.7458494889406352,1,"volatile schedule, short on hours"
8589,S128,D10,0.7457615498228668,1,short on hours
3900,S010,D00,0.7457006600134206,1,"volatile schedule, short on hours"
10592,S115,D09,0.7453322826323732,0,"training incomplete, short on hours"
10985,S112,D09,0.7446485661900005,0,"training incomplete, volatile schedule"
9302,S126,D10,0.7444211518539173,0,"training incomplete, volatile schedule, short on hours"
12664,S107,D08,0.7443589791748335,0,"training incomplete, volatile schedule, short on hours"
9785,S101,D08,0.744131003768168,0,"training incomplete, short on hours"
7644,S020,D01,0.7440447255462556,1,"volatile schedule, short on hours"
9859,S000,D00,0.7438955085308857,0,"training incomplete, short on hours"
5558,S097,D08,0.7437653417924884,1,short on hours
9858,S146,D11,0.7434954599994172,0,"training incomplete, volatile schedule, short on hours"
11153,S103,D08,0.743345021247036,0,"training incomplete, understaffed store"
7659,S037,D03,0.7433398508969773,0,"training incomplete, volatile schedule, short on hours"
4311,S067,D05,0.742331691901809,0,"training incomplete, volatile schedule, short on hours"
13200,S080,D06,0.7415112573580267,0,"training incomplete, short on hours"
9458,S130,D10,0.741082793999853,0,"training incomplete, short on hours"
5228,S105,D08,0.7405017265779797,0,"training incomplete, volatile schedule, short on hours"
9099,S115,D09,0.7404021251921313,0,"training incomplete, volatile schedule"
8159,S057,D05,0.7401802249344022,1,"volatile schedule, understaffed store"
5638,S031,D02,0.7398934671827205,1,short on hours
11810,S048,D04,0.7396982292938625,1,"volatile schedule, short on hours"
5057,S098,D08,0.7394549680727137,0,"training incomplete, volatile schedule"
8197,S100,D08,0.7393819074400618,0,training incomplete
12167,S021,D01,0.7390889606588698,0,"training incomplete, short on hours"
6661,S106,D08,0.7390392311812707,0,"training incomplete, short on hours"
6637,S089,D07,0.7385228240691413,1,"volatile schedule, short on hours"
12505,S141,D11,0.7384894985228326,0,"training incomplete, short on hours"
7046,S123,D09,0.7376402022657181,1,short on hours
3857,S122,D09,0.7374902537804603,1,short on hours
13136,S035,D03,0.7374367979381206,0,"training incomplete, short on hours"
3124,S021,D01,0.7371556026765017,1,short on hours
9189,S040,D03,0.7371129201249509,1,"volatile schedule, short on hours"
4718,S094,D07,0.7370519608703249,0,"training incomplete, volatile schedule, short on hours"
2888,S074,D06,0.7366539536993886,0,training incomplete
11207,S145,D11,0.7365168006769022,0,"training incomplete, short on hours"
9394,S061,D05,0.7361981889859014,1,"volatile schedule, short on hours"
8853,S066,D05,0.7359702755485826,1,"volatile schedule, short on hours"
12359,S024,D02,0.7349269226833791,1,short on hours
3202,S098,D08,0.7348692288121822,1,"volatile schedule, short on hours"
11602,S008,D00,0.7346427613914556,0,"training incomplete, short on hours"
2981,S001,D00,0.7343773772278459,1,"volatile schedule, short on hours"
9730,S039,D03,0.7340119638147878,0,"training incomplete, short on hours"
10031,S002,D00,0.7337832214461278,1,short on hours
12819,S084,D06,0.7327944807756449,1,"volatile schedule, short on hours, understaffed store"
12993,S073,D06,0.7326521099693717,1,short on hours
6214,S057,D05,0.7325553083174118,1,short on hours
4628,S037,D03,0.7324307163417821,0,"training incomplete, volatile schedule, understaffed store"
6557,S034,D03,0.7324301090435185,0,training incomplete
4342,S091,D07,0.732351976865089,0,"training incomplete, volatile schedule"
5346,S068,D05,0.7314851154994785,1,short on hours
3075,S103,D08,0.7314348117073953,0,"training incomplete, short on hours"
3199,S094,D07,0.7314119254175512,1,"volatile schedule, short on hours"
11146,S097,D08,0.7313631554128922,0,"training incomplete, short on hours"
4692,S074,D06,0.7303175132553387,0,"training incomplete, volatile schedule, short on hours"
3902,S012,D00,0.7299306521356249,0,"training incomplete, short on hours"
12956,S047,D04,0.7287568987439396,0,"training incomplete, short on hours"
3605,S042,D03,0.7285273585308538,1,"volatile schedule, short on hours"
11374,S132,D10,0.7285171772880717,1,"short on hours, understaffed store"
7551,S094,D07,0.7281188774668607,0,"training incomplete, short on hours"
5411,S132,D10,0.7279452475977393,0,training incomplete
7220,S110,D09,0.7278741643011172,0,"training incomplete, volatile schedule, understaffed store"
10874,S034,D03,0.7276447777035687,1,"volatile schedule, short on hours"
6462,S091,D07,0.7274921577426353,0,"training incomplete, short on hours, understaffed store"
12589,S054,D04,0.7274492406978404,0,"training incomplete, short on hours"
6632,S085,D06,0.7267676394793964,0,"training incomplete, understaffed store"
11123,S081,D06,0.7264393271317828,0,"training incomplete, volatile schedule"
13065,S119,D09,0.7261008725590402,0,"training incomplete, short on hours"
12055,S074,D06,0.7260739462453789,0,"training incomplete, short on hours"
10014,S135,D10,0.7260255589239404,1,"volatile schedule, short on hours"
9921,S053,D04,0.7259723074807979,1,short on hours
4562,S130,D10,0.7256952490502925,0,"training incomplete, volatile schedule"
10340,S086,D06,0.7252559072504484,1,"volatile schedule, understaffed store"
5940,S018,D01,0.7252536767691626,1,"volatile schedule, short on hours"
8773,S143,D11,0.725139894481458,1,"volatile schedule, short on hours"
6372,S026,D02,0.7247501740505817,0,"training incomplete, short on hours"
4001,S089,D07,0.7244197284603986,0,"training incomplete, volatile schedule"
10264,S043,D04,0.724196038930641,0,"training incomplete, short on hours"
2241,S117,D09,0.723806173757752,1,"volatile schedule, short on hours"
6423,S062,D05,0.7237311993863476,0,"training incomplete, volatile schedule, short on hours"
8676,S053,D04,0.7236760012926498,0,"training incomplete, volatile schedule, short on hours"
12876,S126,D10,0.7231755819548643,0,"training incomplete, short on hours"
7423,S119,D09,0.723024876469194,0,"training incomplete, understaffed store"
10579,S104,D08,0.7229625011966863,0,"training incomplete, short on hours"
12695,S136,D11,0.722820453082325,0,"training incomplete, short on hours"
11139,S089,D07,0.7222828650385157,0,"training incomplete, short on hours"
11997,S027,D02,0.7222745896955252,0,"training incomplete, volatile schedule"
9741,S053,D04,0.7220310393446078,0,"training incomplete, volatile schedule"
5617,S016,D01,0.7218024667342163,0,"training incomplete, short on hours"
11370,S130,D10,0.7214637354992333,0,"training incomplete, volatile schedule"
3643,S081,D06,0.7209350465812343,1,"volatile schedule, short on hours"
5064,S114,D09,0.7208330963636691,1,"volatile schedule, short on hours"
12981,S067,D05,0.7207971052526544,1,"volatile schedule, short on hours"
6568,S042,D03,0.7207844232502612,0,"training incomplete, short on hours"
3788,S055,D04,0.7206927050745604,1,short on hours
5657,S052,D04,0.7206273179979509,1,short on hours
10856,S017,D01,0.720600029328738,1,"volatile schedule, short on hours"
4259,S029,D02,0.7204195975646401,0,"training incomplete, short on hours"
8260,S009,D00,0.7200913687519481,0,"training incomplete, volatile schedule, short on hours"
11658,S063,D05,0.7200521956254952,1,volatile schedule
7130,S044,D04,0.7200473843261117,1,short on hours
10045,S015,D01,0.7198153538602798,0,"training incomplete, short on hours"
3299,S053,D04,0.7196780152057812,1,short on hours
4872,S059,D05,0.719669410347364,0,"training incomplete, volatile schedule, short on hours"
8845,S060,D05,0.7196067773192524,0,"training incomplete, short on hours"
8587,S128,D10,0.7192592355592963,0,"training incomplete, short on hours"
4580,S001,D00,0.7191445341063252,0,"training incomplete, short on hours"
4775,S147,D11,0.7190059582777351,0,"training incomplete, short on hours"
11006,S125,D09,0.7188680020325449,1,"short on hours, understaffed store"
10458,S025,D02,0.7188187290168807,1,short on hours
8211,S115,D09,0.7183195232373062,0,"training incomplete, short on hours"
6622,S085,D06,0.7180117335274847,0,"training incomplete, understaffed store"
12666,S110,D09,0.717895599816349,1,"volatile schedule, understaffed store"
11657,S062,D05,0.7178891562034976,0,"training incomplete, volatile schedule, short on hours"
8480,S030,D02,0.7175599113310293,0,"training incomplete, short on hours, long commute"
9792,S107,D08,0.7174988857832081,0,"training incomplete, volatile schedule, understaffed store"
8648,S036,D03,0.7171910993589494,1,short on hours
9476,S004,D00,0.7164161422877351,1,"volatile schedule, short on hours"
4655,S053,D04,0.7158354286048998,0,"training incomplete, short on hours"
5586,S133,D10,0.7156633513065839,0,"training incomplete, volatile schedule, short on hours"
412,S020,D01,0.7150970139924899,0,"training incomplete, volatile schedule, short on hours"
3797,S067,D05,0.7148122375488206,1,short on hours
3441,S040,D03,0.7147150724984078,1,"volatile schedule, short on hours"
5701,S081,D06,0.7144264425356338,0,"training incomplete, short on hours"
6698,S133,D10,0.7141117635618351,0,"training incomplete, volatile schedule, short on hours"
7951,S017,D01,0.7139524428560171,0,"training incomplete, volatile schedule"
12102,S111,D09,0.7139340200279225,0,"training incomplete, short on hours"
3205,S101,D08,0.7139061264020561,0,"training incomplete, short on hours"
7265,S001,D00,0.7138686645990816,0,training incomplete
7327,S044,D04,0.7137345146271268,0,"training incomplete, volatile schedule"
10203,S146,D11,0.7129061033300594,0,"training incomplete, short on hours"
9613,S123,D09,0.7127546020459413,0,"training incomplete, short on hours"
12354,S022,D01,0.7125135415298983,0,"training incomplete, short on hours"
3873,S135,D10,0.7122395926965227,1,"volatile schedule, short on hours"
7361,S070,D05,0.7122312072196351,0,"training incomplete, short on hours"
6177,S037,D03,0.7120377347459738,0,"training incomplete, volatile schedule"
11956,S141,D11,0.7115584954203309,1,"volatile schedule, short on hours"
6358,S018,D01,0.7108623661932596,0,"training incomplete, short on hours"
12390,S047,D04,0.7102328291831382,0,training incomplete
9885,S028,D02,0.7100200206947737,1,short on hours
4573,S141,D11,0.7096269398883558,0,training incomplete
13185,S070,D05,0.7094765543704916,0,training incomplete
11688,S087,D06,0.7093560925806327,0,"training incomplete, short on hours"
7246,S128,D10,0.7084344955682726,1,"volatile schedule, short on hours"
10360,S100,D08,0.708322524793881,0,"training incomplete, short on hours"
9511,S041,D03,0.7077181632649419,0,"training incomplete, short on hours"
9399,S067,D05,0.7075248453830588,0,"training incomplete, short on hours, understaffed store"
6756,S045,D04,0.707145193853593,0,"training incomplete, short on hours"
11709,S107,D08,0.7067158112317615,0,"training incomplete, volatile schedule, understaffed store"
12735,S024,D02,0.7066782532761764,0,"training incomplete, short on hours"
8882,S094,D07,0.7063670199083717,0,"training incomplete, volatile schedule, short on hours"
12197,S045,D04,0.7061475628400816,1,"volatile schedule, short on hours"
9159,S021,D01,0.706145476623573,0,"training incomplete, short on hours"
7193,S089,D07,0.7061263778981756,0,"training incomplete, volatile schedule, short on hours"
7266,S001,D00,0.7060637453257663,0,training incomplete
5226,S105,D08,0.7058790723063235,0,"training incomplete, volatile schedule, short on hours"
9938,S070,D05,0.705736470674651,0,"training incomplete, short on hours"
4308,S065,D05,0.7057348316299004,0,"training incomplete, short on hours"
10349,S092,D07,0.7054374498988931,1,"volatile schedule, short on hours"
4726,S099,D08,0.7052529140863121,0,"training incomplete, short on hours"
11691,S089,D07,0.7043875681346453,1,short on hours
7950,S016,D01,0.7037188181269954,0,"training incomplete, volatile schedule"
4005,S092,D07,0.7036502238233825,0,"training incomplete, volatile schedule, short on hours"
7660,S039,D03,0.7034800122303786,0,"training incomplete, short on hours"
6821,S091,D07,0.7033414428288636,0,"training incomplete, volatile schedule, short on hours"
13088,S133,D10,0.7030349610781825,0,"training incomplete, volatile schedule"
5083,S129,D10,0.7025254543211537,0,"training incomplete, short on hours"
9666,S142,D11,0.7022656296637516,1,"volatile schedule, short on hours"
6027,S084,D06,0.7016650350908703,0,"training incomplete, volatile schedule, short on hours"
2825,S028,D02,0.701326525295167,0,"training incomplete, short on hours"
10322,S081,D06,0.7012459158881607,1,"volatile schedule, short on hours"
11018,S128,D10,0.7009683487334235,0,"training incomplete, short on hours"
8685,S060,D05,0.7009045970262274,0,"training incomplete, short on hours"
6111,S146,D11,0.7005087187582112,1,"volatile schedule, short on hours"
8144,S048,D04,0.700307412968053,0,"training incomplete, short on hours"
10747,S092,D07,0.7000646921561287,1,volatile schedule
6415,S055,D04,0.6997587518862093,1,"volatile schedule, short on hours"
2689,S142,D11,0.6996598777362881,1,"volatile schedule, short on hours"
11014,S125,D09,0.6996203034421932,1,"volatile schedule, short on hours, understaffed store"
5094,S136,D11,0.6995711650346257,0,"training incomplete, volatile schedule"
5707,S089,D07,0.6995276189559864,0,"training incomplete, short on hours"
11274,S056,D04,0.6992669363238644,1,short on hours
5147,S034,D03,0.6992034080756206,1,short on hours
2945,S115,D09,0.6991975547093329,0,"training incomplete, volatile schedule"
9448,S120,D09,0.6991917161413845,0,"training incomplete, volatile schedule, short on hours"
4620,S031,D02,0.6990962804333938,0,"training incomplete, short on hours"
12571,S040,D03,0.6990807116991915,0,"training incomplete, volatile schedule, short on hours"
12965,S055,D04,0.69854695559191,0,"training incomplete, short on hours"
10813,S133,D10,0.6980248648071152,0,"training incomplete, volatile schedule, short on hours"
4366,S115,D09,0.6979827071614979,0,training incomplete
8295,S027,D02,0.697911211847537,1,"volatile schedule, short on hours"
9516,S047,D04,0.6975322531292183,0,training incomplete
3716,S003,D00,0.6973380047951161,0,"training incomplete, short on hours"
9195,S047,D04,0.6973210482799602,1,"volatile schedule, short on hours"
2980,S000,D00,0.6966386386348642,0,"training incomplete, short on hours"
2899,S081,D06,0.6959310358168512,0,"training incomplete, volatile schedule, short on hours"
8209,S115,D09,0.6954712273965123,0,"training incomplete, volatile schedule, short on hours"
7876,S107,D08,0.6951609567814244,0,"training incomplete, short on hours, understaffed store"
8488,S035,D03,0.6951402525715461,1,short on hours
8424,S128,D10,0.6947843782103551,0,"training incomplete, short on hours, long commute"
850,S041,D03,0.6947656948916285,1,"volatile schedule, short on hours"
12095,S106,D08,0.6941142263165448,0,"training incomplete, short on hours"
3966,S059,D05,0.6940149221520072,0,"training incomplete, volatile schedule"
7230,S116,D09,0.6939512685440139,1,short on hours
3542,S131,D10,0.6935137133411491,0,"training incomplete, short on hours"
11698,S098,D08,0.6934089926393091,1,"volatile schedule, understaffed store"
12513,S001,D00,0.6926915227644554,0,"training incomplete, short on hours"
6952,S049,D04,0.6924494508444023,1,short on hours
3687,S129,D10,0.6923379545810772,0,"training incomplete, short on hours"
4013,S099,D08,0.6921391212296023,1,short on hours
10899,S053,D04,0.6920741615525102,0,"training incomplete, short on hours"
11918,S115,D09,0.6918782310721011,1,short on hours
3580,S021,D01,0.6916666242431453,0,"training incomplete, short on hours"
3373,S127,D10,0.6916065399910134,1,"volatile schedule, short on hours, long commute"
11637,S045,D04,0.691526054164385,0,"training incomplete, short on hours"
9597,S111,D09,0.6914822517700588,0,"training incomplete, short on hours"
10891,S045,D04,0.6914628197208716,0,training incomplete
5196,S073,D06,0.6912384067583085,0,"training incomplete, short on hours"
5908,S145,D11,0.6904340302304594,0,"training incomplete, short on hours"
10488,S044,D04,0.6900619436941777,1,"volatile schedule, short on hours"
1295,S063,D05,0.6900392718794839,1,"volatile schedule, short on hours"
6043,S101,D08,0.6900081603602413,1,short on hours
7123,S037,D03,0.6898444588541401,0,"training incomplete, volatile schedule"
10775,S111,D09,0.6881918558361142,0,"training incomplete, volatile schedule, understaffed store"
7431,S128,D10,0.687747304924285,0,training incomplete
4581,S001,D00,0.6873994714213124,0,training incomplete
13255,S124,D09,0.6872514017401566,0,"training incomplete, volatile schedule"
10216,S007,D00,0.6872153104833401,1,short on hours
9315,S137,D11,0.6871954636766738,0,"training incomplete, volatile schedule"
4297,S060,D05,0.6870177904276942,0,"training incomplete, short on hours"
9170,S028,D02,0.6864358387661951,0,training incomplete
7733,S105,D08,0.6862796181793475,0,training incomplete
9029,S069,D05,0.685936679123098,1,"volatile schedule, short on hours"
4008,S094,D07,0.6859104528690535,1,"volatile schedule, short on hours"
8898,S114,D09,0.685798241892221,1,"volatile schedule, short on hours"
9721,S033,D03,0.685654772719877,0,"training incomplete, short on hours"
9825,S124,D09,0.6855454067303463,0,"training incomplete, short on hours"
6400,S046,D04,0.6853233742764782,0,"training incomplete, volatile schedule, short on hours"
5030,S069,D05,0.6850745622718739,1,"volatile schedule, short on hours"
8101,S011,D00,0.6850405190513542,1,"volatile schedule, short on hours"
3510,S098,D08,0.6848833718974683,0,"training incomplete, short on hours"
12517,S004,D00,0.6846887525219144,0,"training incomplete, short on hours"
10723,S070,D05,0.684027476033648,0,"training incomplete, short on hours"
7616,S000,D00,0.6839701009034708,0,"training incomplete, short on hours"
12346,S016,D01,0.6834623797893798,1,"volatile schedule, short on hours"
3467,S064,D05,0.6834136878513316,1,"volatile schedule, short on hours"
12657,S099,D08,0.6816294040315627,1,"volatile schedule, short on hours, understaffed store"
11356,S120,D09,0.6815493732590986,1,"volatile schedule, understaffed store"
9234,S080,D06,0.6811806934106573,0,"training incomplete, short on hours"
5599,S000,D00,0.6808890849465414,0,"training incomplete, short on hours"
9477,S005,D00,0.6804302281059466,0,"training incomplete, short on hours"
9631,S124,D09,0.6800540507303254,0,"training incomplete, short on hours, understaffed store"
6307,S132,D10,0.6800412010829437,1,short on hours
3706,S142,D11,0.6799104933629855,0,"training incomplete, short on hours"
8890,S102,D08,0.6796809855443223,1,"volatile schedule, understaffed store"
3684,S127,D10,0.6794272155031271,1,short on hours
5506,S060,D05,0.6790244873141856,0,"training incomplete, short on hours"
5554,S094,D07,0.6789141492732256,0,"training incomplete, short on hours"
4898,S084,D06,0.6787933280222777,0,"training incomplete, volatile schedule"
10622,S132,D10,0.6784640884064711,0,"training incomplete, short on hours"
4619,S031,D02,0.6783632993770453,1,"volatile schedule, short on hours"
4496,S074,D06,0.6782768894158797,1,short on hours
1928,S097,D08,0.6778634310002893,1,short on hours
11175,S118,D09,0.677669529778591,0,"training incomplete, short on hours"
6191,S044,D04,0.6776199694989087,0,"training incomplete, volatile schedule, short on hours"
9139,S146,D11,0.6776178888986975,0,"training incomplete, short on hours"
3364,S115,D09,0.6770431361974837,0,"training incomplete, volatile schedule"
13210,S087,D06,0.6769592554066853,0,"training incomplete, volatile schedule"
9055,S084,D06,0.6769112862230765,0,"training incomplete, volatile schedule, understaffed store"
6607,S075,D06,0.6765797676234362,0,"training incomplete, short on hours"
10020,S141,D11,0.6764729860538359,1,short on hours
8945,S005,D00,0.6762701419531754,1,"volatile schedule, short on hours"
11982,S018,D01,0.675861798379077,1,"volatile schedule, short on hours"
5786,S004,D00,0.6757930031189808,1,"volatile schedule, short on hours"
7144,S056,D04,0.6756904883481577,1,elevated model risk
12249,S085,D06,0.6750538500786797,1,short on hours
10247,S033,D03,0.6750320532772397,1,"volatile schedule, short on hours"
3544,S134,D10,0.675022077146312,1,short on hours
3377,S132,D10,0.6745446964748691,0,"training incomplete, short on hours"
6146,S018,D01,0.6744068018968677,1,"volatile schedule, short on hours"
6758,S046,D04,0.6739088397469656,1,short on hours
6215,S057,D05,0.6737971737853397,1,"volatile schedule, short on hours"
5679,S066,D05,0.6737643506547513,0,"training incomplete, short on hours"
3391,S001,D00,0.6735435055847099,0,"training incomplete, volatile schedule"
8712,S085,D06,0.6728162727215288,0,"training incomplete, volatile schedule"
7882,S112,D09,0.6724272740666394,1,"volatile schedule, short on hours"
4040,S128,D10,0.6723618309011771,0,"training incomplete, short on hours"
10812,S133,D10,0.6723348433140748,1,"volatile schedule, short on hours"
10330,S085,D06,0.6723211242152077,0,"training incomplete, short on hours"
9660,S138,D11,0.6721087188081745,0,"training incomplete, short on hours"
11605,S010,D00,0.6718248616934391,0,"training incomplete, short on hours"
3748,S031,D02,0.671308489184616,0,"training incomplete, volatile schedule, short on hours"
4048,S133,D10,0.6712682635296054,0,"training incomplete, short on hours"
6737,S030,D02,0.6710839066026882,1,"volatile schedule, short on hours"
5001,S049,D04,0.6707095857483539,0,"training incomplete, volatile schedule, short on hours"
3894,S003,D00,0.6701671085125672,1,short on hours
8183,S077,D06,0.6698832341859366,0,"training incomplete, volatile schedule"
